City,Country,Lat,Lon,Max Temp,Humidity,Date,Clouds,Wind Speed
coahuayana,MX,18.73,-103.68,71.6,78,1595251434,5,9.17
dingle,PH,11.0,122.67,78.69,80,1595251435,11,5.26
ribeira grande,PT,38.52,-28.7,73.4,60,1595251420,75,6.93
botwood,CA,49.15,-55.35,75.2,50,1595251437,20,6.93
hilo,US,19.73,-155.09,75.2,78,1595251142,90,5.82
atuona,PF,-9.8,-139.03,79.5,76,1595251064,26,15.41
rikitea,PF,-23.12,-134.97,68.32,61,1595251057,98,13.42
ushuaia,AR,-54.8,-68.3,24.8,85,1595251004,20,4.7
sobolevo,RU,54.43,31.9,71.38,73,1595251362,97,7.25
kodiak,US,57.79,-152.41,57.2,82,1595251137,20,8.05
luganville,VU,-15.53,167.17,69.8,77,1595251446,75,3.36
chicama,PE,-7.84,-79.15,62.46,81,1595251236,74,3.49
punta arenas,CL,-53.15,-70.92,30.2,92,1595251000,75,5.82
mataura,NZ,-46.19,168.86,43.72,92,1595251062,100,4.81
busselton,AU,-33.65,115.33,51.01,58,1595251070,100,8.97
jalu,LY,29.03,21.55,97.11,21,1595251452,0,10.25
zhigansk,RU,66.77,123.37,60.69,94,1595251453,100,14.38
balagansk,RU,54.01,103.05,57.29,60,1595251455,100,2.01
east london,ZA,-33.02,27.91,75.2,17,1595250827,0,5.82
kavieng,PG,-2.57,150.8,82.72,73,1595251399,87,7.09
clyde river,CA,70.47,-68.59,41.0,100,1595251193,90,8.05
port alfred,ZA,-33.59,26.89,71.58,33,1595251158,0,8.3
chuy,UY,-33.7,-53.46,67.06,80,1595250854,100,7.49
hobart,AU,-42.88,147.33,44.01,70,1595251130,75,5.82
mocuba,MZ,-16.84,36.99,77.9,48,1595251463,48,6.29
sao mateus do sul,BR,-25.87,-50.38,65.61,62,1595251464,0,3.22
marquette,US,46.53,-87.63,59.0,67,1595251466,61,4.0
smidovich,RU,48.6,133.82,64.02,97,1595251467,100,8.66
kruisfontein,ZA,-34.0,24.73,68.67,49,1595251063,0,8.21
salinopolis,BR,-0.61,-47.36,80.96,78,1595251466,100,9.28
albany,US,42.6,-73.97,81.0,61,1595250820,67,7.18
liusha,CN,27.21,108.59,65.23,100,1595251472,100,1.57
atikokan,CA,48.76,-91.62,57.13,73,1595251473,0,3.96
bredasdorp,ZA,-34.53,20.04,66.2,63,1595250897,40,5.82
dikson,RU,73.51,80.55,41.47,91,1595251133,55,11.83
maniwaki,CA,46.38,-75.97,71.89,63,1595251477,0,10.33
vaini,TO,-21.2,-175.2,71.6,88,1595251076,40,10.29
necochea,AR,-38.55,-58.74,52.0,99,1595251480,99,15.01
sur,OM,22.57,59.53,91.44,57,1595251481,19,1.81
saint-philippe,RE,-21.36,55.77,71.6,60,1595251205,20,24.16
barrow,US,71.29,-156.79,35.6,93,1595251125,90,11.41
petropavlovsk-kamchatskiy,RU,53.05,158.65,53.6,100,1595251285,75,3.74
seoul,KR,37.57,126.98,73.4,83,1595251274,75,7.0
beloha,MG,-25.17,45.05,71.29,51,1595251487,0,16.11
whyalla,AU,-33.03,137.58,48.2,100,1595251489,75,8.05
butaritari,KI,3.07,172.79,82.69,69,1595250864,100,8.75
buchanan,LR,5.88,-10.05,80.6,88,1595251491,75,4.7
kloulklubed,PW,7.04,134.26,77.0,94,1595251127,75,3.36
sarangani,PH,5.4,125.46,84.69,71,1595251494,3,8.55
jamestown,US,42.1,-79.24,73.0,83,1595250916,75,12.75
pisco,PE,-13.7,-76.22,60.8,87,1595251447,90,1.12
kerman,IR,30.28,57.08,91.4,9,1595251498,0,18.34
hovd,MN,48.01,91.64,74.39,40,1595251499,91,5.61
tuktoyaktuk,CA,69.45,-133.04,40.19,92,1595251081,100,10.8
touros,BR,-5.2,-35.46,77.0,88,1595251358,75,16.11
nanortalik,GL,60.14,-45.24,51.06,63,1595251179,35,4.29
carndonagh,IE,55.25,-7.27,62.6,51,1595251504,75,12.75
maneadero,MX,31.72,-116.57,64.99,93,1595251505,2,1.01
severo-kurilsk,RU,50.68,156.12,50.25,90,1595251279,52,7.85
puerto ayora,EC,-0.74,-90.35,66.99,96,1595251201,79,5.99
kapaa,US,22.08,-159.32,80.6,78,1595251084,90,20.8
port blair,IN,11.67,92.75,82.74,76,1595251411,100,5.01
vila franca do campo,PT,37.72,-25.43,73.4,56,1595251511,75,8.05
narsaq,GL,60.92,-46.05,62.6,51,1595251398,40,2.24
lamballe,FR,48.47,-2.51,70.0,62,1595251514,2,8.01
victoria,HK,22.29,114.16,86.0,74,1595251176,100,8.99
port elizabeth,ZA,-33.92,25.57,66.2,72,1595250928,20,13.87
inhambane,MZ,-23.86,35.38,73.4,56,1595251517,40,12.75
cabo san lucas,MX,22.89,-109.91,82.0,69,1595250868,5,12.75
loksa,EE,59.58,25.72,77.0,53,1595251520,20,4.7
belaya gora,RU,68.53,146.42,67.77,54,1595251521,53,10.83
port hardy,CA,50.7,-127.42,48.2,100,1595251434,40,5.82
zemio,CF,5.03,25.14,81.28,62,1595251523,28,5.64
avera,US,33.19,-82.53,82.4,78,1595251442,1,8.05
college,US,64.86,-147.8,55.4,82,1595251526,40,6.93
halden,NO,59.12,11.39,68.0,49,1595251527,40,6.93
new norfolk,AU,-42.78,147.06,43.0,86,1595250850,100,2.46
jeremie,HT,18.65,-74.12,82.65,67,1595251530,54,2.86
bulgan,MN,48.81,103.53,59.16,80,1595251423,0,2.24
bilma,NE,18.69,12.92,109.26,10,1595251532,0,14.56
quatre cocos,MU,-20.21,57.76,72.0,64,1595251203,75,11.41
voh,NC,-20.97,164.7,61.25,73,1595251535,0,3.0
brae,GB,60.4,-1.35,55.4,76,1595251057,20,8.05
grindavik,IS,63.84,-22.43,50.0,76,1595251537,75,2.24
mahebourg,MU,-20.41,57.7,71.6,64,1595251085,75,11.41
provideniya,RU,64.38,-173.3,46.74,71,1595250863,74,2.08
slave lake,CA,55.28,-114.77,59.0,82,1595251541,20,8.05
sri aman,MY,1.24,111.46,77.0,94,1595251543,46,0.87
saint george,US,37.1,-113.58,82.4,18,1595251248,1,10.29
anadyr,RU,64.75,177.48,37.4,86,1595251230,0,6.71
prince albert,CA,53.2,-105.77,55.4,100,1595251248,90,2.24
cochrane,CA,51.18,-114.47,55.0,93,1595251465,75,4.7
ponta do sol,PT,32.67,-17.1,75.0,61,1595250932,0,1.36
tiarei,PF,-17.53,-149.33,71.6,88,1595251550,75,4.7
te anau,NZ,-45.42,167.72,42.89,88,1595251551,100,1.12
mar del plata,AR,-38.0,-57.56,53.01,100,1595250907,90,13.87
san cristobal,VE,7.77,-72.22,77.0,78,1595251185,75,4.7
hamilton,US,39.18,-84.53,79.0,78,1595250927,1,3.36
hermanus,ZA,-34.42,19.23,64.0,69,1595251130,0,4.0
mount gambier,AU,-37.83,140.77,42.8,100,1595251557,90,5.82
ovalle,CL,-30.6,-71.2,57.04,76,1595251558,100,0.81
manicore,BR,-5.81,-61.3,78.8,83,1595251322,96,1.25
jiangyou,CN,31.77,104.72,73.58,81,1595251561,100,2.89
cape town,ZA,-33.93,18.42,71.01,52,1595251562,0,6.93
mount isa,AU,-20.73,139.5,66.2,16,1595251445,91,12.75
sao filipe,CV,14.9,-24.5,77.47,82,1595250826,16,8.34
akureyri,IS,65.68,-18.09,50.0,76,1595251383,75,9.17
port hedland,AU,-20.32,118.57,66.2,39,1595251489,0,9.17
carnarvon,AU,-24.87,113.63,59.0,82,1595251165,0,8.05
palana,RU,59.12,159.97,47.71,85,1595251150,16,6.93
longyearbyen,SJ,78.22,15.64,44.6,87,1595251301,75,4.7
faanui,PF,-16.48,-151.75,77.36,84,1595251375,48,22.86
bathsheba,BB,13.22,-59.52,86.0,70,1595251574,40,18.34
avarua,CK,-21.21,-159.78,75.2,83,1595251195,100,17.22
lima,PE,-12.04,-77.03,60.8,77,1595251313,90,5.82
georgetown,MY,5.41,100.34,84.2,94,1595251104,40,8.05
saskylakh,RU,71.92,114.08,57.51,53,1595251443,98,8.1
krasnoselkup,RU,65.7,82.47,64.98,52,1595251580,69,15.03
gwadar,PK,25.12,62.33,85.93,80,1595251581,29,22.73
ancud,CL,-41.87,-73.82,48.0,100,1595251083,90,2.24
lumby,CA,50.25,-118.97,51.8,87,1595251584,1,3.36
panlaitan,PH,12.12,119.85,83.61,75,1595251585,100,7.36
cidreira,BR,-30.18,-50.21,68.99,73,1595251256,0,2.93
nekhayevskiy,RU,50.41,41.76,82.0,41,1595251587,99,1.99
ustyuzhna,RU,58.84,36.43,71.49,66,1595251589,98,5.48
samarinda,ID,-0.5,117.15,74.61,96,1595251590,23,2.44
bukoba,TZ,-1.33,31.81,77.0,53,1595251592,0,11.41
yellowknife,CA,62.46,-114.35,57.2,100,1595250927,40,3.36
bluff,NZ,-46.6,168.33,48.42,89,1595251087,100,7.99
bambous virieux,MU,-20.34,57.76,72.0,64,1595250831,75,11.41
srednekolymsk,RU,67.45,153.68,64.49,60,1595250940,98,6.24
malakal,SS,9.53,31.66,81.03,75,1595251598,36,4.16
skjervoy,NO,70.03,20.97,57.2,82,1595251599,40,11.41
yumen,CN,40.28,97.2,84.7,14,1595251074,100,8.9
santa isabel do rio negro,BR,-0.41,-65.02,82.65,68,1595250995,0,1.36
kavaratti,IN,10.57,72.64,82.45,80,1595250976,100,30.78
severo-yeniseyskiy,RU,60.37,93.04,51.8,95,1595251605,100,7.45
along,IN,28.17,94.77,72.28,90,1595251606,100,1.39
zhicheng,CN,30.3,111.5,80.01,84,1595251607,100,4.27
kaitangata,NZ,-46.28,169.85,51.01,62,1595251061,100,4.0
jibuti,DJ,11.5,42.5,107.6,20,1595251610,20,13.87
sal rei,CV,16.18,-22.92,82.4,65,1595251611,40,11.41
bandarbeyla,SO,9.49,50.81,88.45,44,1595251074,100,26.73
lebu,CL,-37.62,-73.65,50.49,89,1595250837,100,8.63
leningradskiy,RU,69.38,178.42,36.84,89,1595251194,0,6.78
fortuna,US,40.6,-124.16,54.0,100,1595251170,90,3.36
ananas,HT,19.25,-71.96,78.17,71,1595251617,58,0.83
noumea,NC,-22.28,166.46,69.01,93,1595251138,75,4.7
jaranwala,PK,31.33,73.43,91.56,59,1595251620,35,17.81
beringovskiy,RU,63.05,179.32,44.02,73,1595251059,0,9.01
guozhen,CN,34.37,107.36,78.22,51,1595251622,97,3.02
thompson,CA,55.74,-97.86,53.6,87,1595250828,40,3.62
umarizal,BR,-5.99,-37.81,84.27,51,1595251625,100,16.15
faya,SA,18.39,42.45,75.2,38,1595251274,75,12.75
haicheng,CN,40.85,122.75,67.93,69,1595251627,0,5.14
pitimbu,BR,-7.47,-34.81,77.0,94,1595251408,75,12.75
verkhnyaya inta,RU,65.98,60.31,73.29,38,1595251630,0,5.3
kastamonu,TR,41.5,33.67,86.0,51,1595251631,0,9.17
nikolskoye,RU,59.7,30.79,78.8,44,1595251244,40,8.95
castro,BR,-24.79,-50.01,65.19,57,1595251077,0,6.85
magan,ES,39.97,-3.93,96.8,11,1595251635,0,12.75
manta,EC,-0.95,-80.73,71.6,83,1595251636,75,12.75
mayo,US,38.89,-76.51,84.99,70,1595251638,20,3.36
praya,CV,14.92,-23.51,84.2,70,1595251343,75,9.17
pacific grove,US,36.62,-121.92,59.0,82,1595251640,90,5.82
auki,SB,-8.77,160.7,77.11,87,1595251147,8,6.26
dryden,CA,49.78,-92.75,57.2,87,1595251643,90,4.7
buritizeiro,BR,-17.35,-44.96,75.04,51,1595251644,0,8.39
chilca,PE,-12.52,-76.74,60.8,77,1595251646,90,5.82
kroya,ID,-7.63,109.25,77.47,86,1595251647,62,6.44
hambantota,LK,6.12,81.12,82.4,78,1595251588,40,9.17
vardo,NO,70.37,31.11,68.0,72,1595251096,40,11.41
northam,GB,51.03,-4.22,66.99,57,1595251651,0,3.0
hithadhoo,MV,-0.6,73.08,84.13,77,1595251045,99,13.67
rosarito,MX,32.33,-117.03,64.99,88,1595251355,90,7.74
shadegan,IR,30.65,48.66,122.0,16,1595251654,0,11.41
vostok,RU,46.49,135.88,60.24,98,1595251656,100,5.1
matara,LK,5.95,80.54,79.56,82,1595251657,85,11.52
aswan,EG,24.09,32.91,110.7,10,1595251658,0,8.05
bam,IR,29.11,58.36,98.49,8,1595251659,0,26.84
gat,IL,31.61,34.76,90.0,57,1595251455,0,1.99
saint-augustin,CA,51.23,-58.65,68.13,67,1595251662,96,13.2
kariba,ZW,-16.52,28.8,75.27,33,1595251297,0,3.53
san patricio,MX,19.22,-104.7,77.0,88,1595251664,40,6.93
ilulissat,GL,69.22,-51.1,51.8,50,1595251045,20,3.36
cabatuan,PH,10.88,122.49,78.37,84,1595251667,21,6.6
namatanai,PG,-3.67,152.43,80.2,83,1595251669,36,6.33
sioux lookout,CA,50.1,-91.92,59.0,82,1595251181,75,9.17
hailar,CN,49.2,119.7,54.45,68,1595251425,100,9.75
khatanga,RU,71.97,102.5,57.52,59,1595251227,13,8.25
krasnyy klyuch,RU,55.39,56.65,72.81,72,1595251674,67,5.91
geraldton,AU,-28.77,114.6,51.8,81,1595251115,0,1.12
jhansi,IN,25.43,78.58,92.88,53,1595251676,100,7.18
holly hill,US,29.24,-81.04,84.99,83,1595251573,20,6.26
bethel,US,41.37,-73.41,80.01,78,1595251185,1,4.7
meadow lake,US,34.8,-106.54,66.2,72,1595251680,40,5.82
los llanos de aridane,ES,28.66,-17.92,78.8,65,1595251491,40,16.11
elizabeth city,US,36.29,-76.25,86.0,79,1595251683,1,13.87
shelburne,CA,44.08,-80.2,73.4,69,1595251470,1,10.29
flinders,AU,-34.58,150.86,52.0,61,1595251107,0,8.01
fare,PF,-16.7,-151.02,77.76,82,1595251340,11,23.69
pavlohrad,UA,48.52,35.87,87.8,29,1595251688,58,2.24
cururupu,BR,-1.83,-44.87,83.98,67,1595251689,0,8.46
hobyo,SO,5.35,48.53,81.16,62,1595251612,65,31.23
klaksvik,FO,62.23,-6.59,51.8,81,1595251144,89,9.17
makushino,RU,55.21,67.24,78.58,63,1595251693,99,9.24
isangel,VU,-19.55,169.27,66.2,93,1595251111,20,4.7
westport,US,41.14,-73.36,84.99,83,1595251617,1,6.93
nuuk,GL,64.18,-51.72,51.8,66,1595251357,75,9.17
dhidhdhoo,MV,6.88,73.1,82.15,78,1595251698,100,21.3
atbasar,KZ,51.8,68.33,87.75,28,1595251700,63,5.86
kahului,US,20.89,-156.47,80.6,57,1595251147,90,13.87
puerto escondido,MX,15.85,-97.07,77.0,73,1595251490,40,5.82
garowe,SO,8.41,48.48,87.04,38,1595251673,5,28.52
qaanaaq,GL,77.48,-69.36,45.36,82,1595251226,97,2.75
airai,TL,-8.93,125.41,56.62,100,1595251171,42,2.8
wuwei,CN,37.93,102.64,75.0,55,1595251707,55,5.84
angoram,PG,-4.06,144.07,75.09,96,1595251709,7,1.95
sandviken,SE,60.62,16.77,64.99,96,1595251710,100,5.99
eureka,US,40.8,-124.16,53.01,100,1595251631,65,3.0
cervo,ES,43.67,-7.41,66.0,78,1595251713,62,8.99
vangaindrano,MG,-23.35,47.6,68.86,62,1595251414,66,3.87
adrar,MR,20.5,-10.07,104.52,16,1595251159,0,4.59
ilhabela,BR,-23.78,-45.36,75.69,54,1595251716,0,2.08
gobabis,NA,-22.45,18.97,75.2,13,1595251718,0,8.05
kontagora,NG,10.4,5.47,85.82,64,1595251719,8,6.49
san policarpo,PH,12.18,125.51,83.48,80,1595251720,100,7.09
manokwari,ID,-0.87,134.08,80.56,72,1595251721,100,2.44
kendal,GB,54.33,-2.75,62.01,100,1595251723,77,13.0
teacapan,MX,22.55,-105.75,79.18,82,1595251724,0,2.71
arraial do cabo,BR,-22.97,-42.03,77.0,65,1595251725,0,18.34
port keats,AU,-14.25,129.55,68.74,85,1595251727,19,1.19
pangnirtung,CA,66.15,-65.71,46.4,93,1595251290,90,3.36
inirida,CO,3.87,-67.92,72.52,99,1595251218,100,2.55
muros,ES,42.78,-9.06,79.0,59,1595251730,0,5.99
hasaki,JP,35.73,140.83,70.0,94,1595251157,75,6.93
capiibary,PY,-24.8,-56.03,71.15,57,1595251733,0,8.95
tura,IN,25.52,90.22,73.45,99,1595251446,100,2.51
tazovskiy,RU,67.47,78.7,57.15,61,1595251346,99,9.82
ordubad,AZ,38.91,46.02,105.8,14,1595251737,20,4.7
vila,PT,42.03,-8.16,91.99,34,1595251738,0,10.0
phonhong,LA,18.5,102.42,75.2,100,1595251739,90,4.7
lavrentiya,RU,65.58,-171.0,43.59,81,1595251741,83,9.35
qingdao,CN,36.1,120.37,75.99,83,1595251742,0,6.71
griffith,US,41.53,-87.42,73.99,78,1595251743,75,5.82
manado,ID,1.49,124.85,77.0,94,1595251745,40,1.12
phagwara,IN,31.22,75.77,85.01,64,1595251746,21,11.32
fairbanks,US,64.84,-147.72,55.4,93,1595250935,1,3.18
constitucion,CL,-35.33,-72.42,53.17,87,1595251416,23,6.96
parkes,AU,-33.13,148.18,39.99,79,1595251685,0,5.21
yar-sale,RU,66.83,70.83,67.84,41,1595251357,100,8.25
sambava,MG,-14.27,50.17,75.65,64,1595251752,0,19.98
baruun-urt,MN,46.68,113.28,57.16,52,1595251753,0,3.56
nanning,CN,22.82,108.32,82.4,83,1595251693,100,6.71
suhindol,BG,43.19,25.18,84.0,42,1595251756,20,14.99
aitape,PG,-3.14,142.35,79.12,84,1595251384,100,6.78
cayenne,GF,4.93,-52.33,80.6,83,1595251319,61,3.36
takhtamygda,RU,54.1,123.57,57.04,95,1595251760,29,5.53
prainha,BR,-1.8,-53.48,83.75,62,1595251761,56,4.16
wanning,CN,18.8,110.4,81.81,84,1595251344,100,6.33
alofi,NU,-19.06,-169.92,75.2,100,1595251337,75,6.93
grieskirchen,AT,48.23,13.83,81.0,51,1595251765,40,5.82
tiksi,RU,71.69,128.87,50.0,82,1595251766,100,10.89
alice springs,AU,-23.7,133.88,57.2,44,1595251248,90,8.05
frontera,MX,26.93,-101.45,77.0,88,1595251768,100,2.55
somerset,US,40.57,-74.55,86.0,70,1595251770,1,3.36
vila velha,BR,-20.33,-40.29,77.0,73,1595250965,40,1.57
torbay,CA,47.67,-52.73,69.8,68,1595251772,75,14.99
darapidap,PH,17.21,120.41,80.78,81,1595251773,98,4.97
namalenga,TZ,-10.95,39.1,81.63,36,1595251775,100,4.9
casper,US,42.87,-106.31,61.0,87,1595250993,1,5.82
beruwala,LK,6.48,79.98,79.9,85,1595251777,100,8.21
erenhot,CN,43.65,111.98,78.06,18,1595251469,100,10.25
bonavista,CA,48.65,-53.11,61.25,79,1595251361,100,7.14
havoysund,NO,71.0,24.66,55.4,93,1595251782,90,8.05
conceicao do araguaia,BR,-8.26,-49.26,77.0,57,1595251783,99,3.36
cherskiy,RU,68.75,161.3,57.31,62,1595251784,12,0.67
aklavik,CA,68.22,-135.01,48.2,76,1595251233,75,3.36
roald,NO,62.58,6.13,59.0,67,1595251787,20,18.34
kikwit,CD,-5.04,18.82,98.83,14,1595251789,0,2.21
lazaro cardenas,MX,17.96,-102.2,78.12,87,1595251790,31,5.77
olafsvik,IS,64.89,-23.71,49.86,72,1595251791,6,4.83
coos bay,US,43.37,-124.22,55.99,100,1595251547,90,3.36
kaeo,NZ,-35.1,173.78,55.0,3,1595251383,65,2.71
san luis,AR,-33.3,-66.34,50.31,75,1595251795,4,8.52
la gomera,GT,14.08,-91.05,77.0,88,1595251796,75,2.66
nongan,CN,44.38,125.17,68.0,77,1595251799,0,6.71
dali,CN,25.7,100.18,64.92,85,1595251800,100,4.12
walvis bay,NA,-22.96,14.51,91.4,9,1595251801,0,9.17
nagorsk,RU,59.32,50.81,68.99,80,1595251803,98,8.19
bobo dioulasso,BF,11.18,-4.3,84.2,70,1595251805,40,10.29
sarab,IR,38.61,44.99,100.81,14,1595251807,0,7.52
zlobin,HR,45.29,14.65,82.4,45,1595251809,20,4.7
sitka,US,57.05,-135.33,57.2,93,1595251265,90,11.41
presidencia roque saenz pena,AR,-26.79,-60.44,78.64,47,1595251542,98,12.68
lixourion,GR,38.2,20.43,80.6,51,1595251812,20,12.75
klichka,RU,50.45,118.0,52.93,86,1595251814,100,6.02
portland,US,45.52,-122.68,63.0,82,1595251560,1,2.73
nishihara,JP,26.18,127.76,84.2,88,1595251816,20,6.93
surgut,RU,61.25,73.42,66.2,52,1595251818,32,11.18
hokitika,NZ,-42.72,170.97,52.5,89,1595251488,100,13.49
lompoc,US,34.64,-120.46,57.2,87,1595251820,90,5.82
ridgecrest,US,35.62,-117.67,72.0,35,1595251772,20,4.7
lagoa,PT,39.05,-27.98,68.72,70,1595251823,13,0.94
talnakh,RU,69.49,88.4,53.6,93,1595251824,75,17.9
changping,CN,40.22,116.22,95.0,58,1595251825,25,4.47
deniliquin,AU,-35.53,144.97,42.1,92,1595251827,0,6.82
aasiaat,GL,68.71,-52.87,44.94,61,1595251828,99,11.36
kindia,GN,10.06,-12.87,79.23,87,1595251829,87,4.54
stornoway,GB,58.21,-6.39,59.0,71,1595251631,40,11.41
coquimbo,CL,-29.95,-71.34,50.0,87,1595251444,100,9.17
cheney,US,47.49,-117.58,66.2,55,1595251834,20,3.36
bairiki,KI,1.33,172.98,82.35,67,1595251835,29,10.04
logansport,US,40.75,-86.36,73.4,94,1595251836,40,3.36
znamenka,RU,52.42,41.43,74.64,53,1595251838,30,8.99
labuhan,ID,-6.88,112.21,80.19,83,1595251839,36,9.04
visnes,NO,59.36,5.22,59.0,72,1595251841,2,13.87
manadhoo,MV,5.77,73.38,82.99,76,1595251842,100,18.21
thinadhoo,MV,0.53,72.93,83.86,77,1595251843,100,15.48
korla,CN,41.76,86.15,71.01,84,1595251844,40,1.01
whitehorse,CA,60.72,-135.05,51.8,87,1595251024,90,18.34
xining,CN,36.62,101.77,61.47,57,1595251847,89,2.75
tupaciguara,BR,-18.59,-48.7,66.2,55,1595251848,0,12.75
rapid valley,US,44.06,-103.15,64.99,87,1595251758,1,2.21
san quintin,MX,30.48,-115.95,69.51,73,1595251851,0,13.18
pleasanton,US,37.66,-121.87,60.01,87,1595251852,90,10.29
esperance,AU,-33.87,121.9,53.6,76,1595251853,90,5.82
aksu,CN,41.12,80.26,85.82,24,1595251610,77,10.89
tasiilaq,GL,65.61,-37.64,46.4,81,1595251602,20,12.75
lillooet,CA,50.69,-121.94,59.0,72,1595251857,1,2.24
trofors,NO,65.53,13.41,57.2,76,1595251858,75,4.7
thessalon,CA,46.25,-83.57,60.8,82,1595251859,90,10.29
alenquer,BR,-1.94,-54.74,86.0,70,1595251861,20,8.05
morant bay,JM,17.88,-76.41,87.8,58,1595251468,20,13.87
saldanha,ZA,-33.01,17.94,73.4,53,1595251863,0,3.36
priargunsk,RU,50.37,119.1,55.54,84,1595251865,98,9.15
novaya igirma,RU,57.13,103.91,51.49,68,1595251866,57,2.77
katsuura,JP,35.13,140.3,77.0,88,1595251867,75,9.17
prince rupert,CA,54.32,-130.32,55.4,93,1595251869,95,3.36
shakawe,BW,-18.37,21.85,78.78,17,1595251870,0,8.03
bagdarin,RU,54.43,113.6,49.96,69,1595251271,96,8.97
hay river,CA,60.82,-115.8,55.4,100,1595251872,40,3.36
guerrero negro,MX,27.98,-114.06,69.4,77,1595251874,0,4.03
upernavik,GL,72.79,-56.15,50.97,47,1595251875,19,6.46
broome,US,42.25,-75.83,75.99,88,1595251749,75,11.41
buriti dos lopes,BR,-3.17,-41.87,88.99,47,1595251877,13,5.82
nara,JP,34.69,135.8,84.0,27,1595251879,100,1.86
lorengau,PG,-2.02,147.27,82.33,76,1595251880,93,7.11
port-cartier,CA,50.03,-66.87,68.0,100,1595251881,90,6.93
luderitz,NA,-26.65,15.16,84.2,14,1595251345,0,6.93
qaqortoq,GL,60.72,-46.03,62.6,51,1595251884,40,2.24
salinas,US,36.68,-121.66,60.8,77,1595251602,90,5.82
rybinsk,RU,58.04,38.84,64.4,89,1595251886,100,4.7
chokurdakh,RU,70.63,147.92,64.65,52,1595251887,80,10.02
aksarka,RU,66.56,67.8,66.87,53,1595251889,99,6.22
ghanzi,BW,-21.57,21.78,74.12,19,1595251593,0,12.3
manggar,ID,-2.88,108.27,81.3,82,1595251891,0,12.03
locri,IT,38.24,16.26,86.0,45,1595251893,20,14.99
axim,GH,4.87,-2.24,80.1,75,1595251894,100,9.66
oum hadjer,TD,13.3,19.7,83.95,55,1595251895,91,10.04
saint-francois,FR,46.42,3.91,89.6,27,1595251896,63,4.7
marawi,PH,8.0,124.29,78.01,85,1595251329,100,5.01
jimeta,NG,9.28,12.47,80.28,75,1595251899,100,5.97
jacupiranga,BR,-24.69,-48.0,75.65,52,1595251900,0,3.11
kununurra,AU,-15.77,128.73,66.2,32,1595251902,15,5.57
dalbandin,PK,28.89,64.41,102.61,7,1595251903,11,10.96
opuwo,NA,-18.06,13.84,78.87,17,1595251904,0,11.1
komsomolskiy,UZ,40.43,71.72,93.2,21,1595251906,62,11.41
klyuchi,RU,52.27,79.17,85.6,39,1595251369,0,8.63
bambanglipuro,ID,-7.95,110.28,77.02,86,1595251908,49,7.54
channel-port aux basques,CA,47.57,-59.14,63.09,90,1595251909,96,12.3
jining,CN,35.41,116.58,76.84,68,1595251649,0,8.5
bengkulu,ID,-3.8,102.27,79.93,87,1595251912,100,9.82
palmer,US,42.16,-72.33,80.01,88,1595251114,90,5.82
vanimo,PG,-2.67,141.3,79.56,85,1595251467,88,8.5
oriximina,BR,-1.77,-55.87,88.11,51,1595251916,100,5.75
ulladulla,AU,-35.35,150.47,50.0,57,1595251917,0,16.11
ngunguru,NZ,-35.62,174.5,55.0,3,1595251918,11,5.26
mungwi,ZM,-10.17,31.37,74.53,33,1595251920,30,6.85
hualmay,PE,-11.1,-77.61,60.6,81,1595251518,97,6.33
ko samui,TH,9.54,99.94,86.0,79,1595251922,20,5.55
hofn,IS,64.25,-15.21,55.4,62,1595251923,40,6.93
pevek,RU,69.7,170.31,45.73,58,1595251749,0,1.79
livingston,GB,55.9,-3.52,63.0,55,1595251926,40,12.75
san pedro,PH,14.35,121.02,82.4,74,1595251267,79,3.36
ostrovnoy,RU,68.05,39.51,75.49,45,1595251366,17,5.88
chazuta,PE,-6.57,-76.14,69.8,100,1595251930,40,2.24
gambo,CF,4.65,22.26,79.95,72,1595251931,55,3.02
artvin,TR,41.17,41.83,84.2,74,1595251964,40,6.93
shache,CN,38.42,77.24,85.21,19,1595251965,100,6.02
margate,GB,51.38,1.39,71.01,56,1595251482,59,3.0
morgan city,US,29.7,-91.21,82.99,88,1595251968,40,12.75
caluquembe,AO,-13.78,14.68,79.02,17,1595251969,0,2.86
suciu de sus,RO,47.43,24.03,72.0,68,1595251970,20,5.82
karratha,AU,-20.74,116.85,70.02,47,1595251972,0,14.12
tocopilla,CL,-22.09,-70.2,63.91,47,1595251973,100,2.17
najran,SA,17.49,44.13,93.2,41,1595251975,40,11.41
xuddur,SO,4.12,43.89,85.55,36,1595251466,90,23.76
ziyang,CN,29.25,117.85,75.79,93,1595251977,100,0.81
dwarka,IN,22.24,68.97,85.77,77,1595251978,64,19.19
kenora,CA,49.82,-94.43,59.0,77,1595251980,20,1.03
souillac,MU,-20.52,57.52,71.6,64,1595251981,75,11.41
tougue,GN,11.47,-11.6,78.31,81,1595251982,94,3.8
ames,US,42.03,-93.62,69.8,83,1595251984,90,3.36
antofagasta,CL,-23.65,-70.4,55.4,76,1595251850,75,9.17
coffeyville,US,37.04,-95.62,78.8,83,1595251987,1,5.82
shimsk,RU,58.21,30.71,76.86,53,1595251989,37,2.21
rawson,AR,-43.3,-65.1,46.67,81,1595251845,100,15.99
kuytun,RU,54.34,101.5,55.71,58,1595251991,92,4.25
brigantine,US,39.41,-74.36,93.0,62,1595251993,1,11.41
rio gallegos,AR,-51.62,-69.22,21.2,92,1595251994,20,1.12
pierre,US,44.37,-100.35,69.01,93,1595251815,1,4.7
werda,BW,-25.27,23.28,74.79,18,1595251996,0,8.43
general pico,AR,-35.66,-63.76,55.8,70,1595251998,62,8.97
tommot,RU,58.96,126.29,64.69,90,1595251999,100,1.86
juba,SS,4.85,31.58,82.29,66,1595251922,56,1.77
kyshtovka,RU,56.55,76.63,65.62,75,1595252002,7,11.54
derzhavinsk,KZ,51.1,66.32,88.34,25,1595252003,72,4.21
saint anthony,US,45.02,-93.22,69.8,77,1595251454,1,3.89
yomou,GN,7.56,-9.27,79.68,80,1595252006,74,3.76
syracuse,IT,37.09,15.28,86.0,61,1595251926,20,11.41
teknaf,BD,20.86,92.31,81.57,83,1595252008,100,3.38
aquiraz,BR,-3.9,-38.39,80.6,65,1595252009,75,17.22
praia da vitoria,PT,38.73,-27.07,71.6,68,1595251523,90,7.31
ahipara,NZ,-35.17,173.17,56.75,93,1595252012,51,3.89
anloga,GH,5.79,0.9,80.6,78,1595252013,40,13.87
kibre mengist,ET,5.88,38.98,67.64,71,1595252014,64,7.25
katwa,IN,23.64,88.13,80.58,88,1595252016,100,6.49
norman wells,CA,65.28,-126.83,53.6,100,1595252017,75,2.24
zambezi,ZM,-13.54,23.1,78.6,26,1595252018,0,7.54
eyl,SO,7.98,49.82,89.78,39,1595252020,17,26.6
ambulu,ID,-8.35,113.61,75.96,87,1595252021,77,4.65
verkhnevilyuysk,RU,63.45,120.32,63.99,95,1595252023,100,3.74
poum,NC,-20.23,164.02,70.3,65,1595251269,26,16.93
beroroha,MG,-21.67,45.17,78.44,28,1595252025,0,6.6
ust-nera,RU,64.57,143.2,62.01,55,1595252027,21,4.9
lasa,IT,46.62,10.7,75.2,27,1595251519,40,6.93
verkhnebakanskiy,RU,44.85,37.66,87.8,45,1595252029,20,20.13
acapulco,MX,16.86,-99.89,78.8,94,1595251801,75,3.36
benjamin aceval,PY,-24.97,-57.57,77.0,44,1595252032,0,18.34
nelson bay,AU,-32.72,152.15,43.0,86,1595252033,0,5.82
gizo,SB,-8.1,156.84,81.01,83,1595252034,24,16.17
kawhia,NZ,-38.07,174.82,57.0,93,1595252035,35,1.01
camargo,MX,27.67,-105.17,75.74,51,1595252037,4,3.6
miles city,US,46.41,-105.84,59.0,93,1595252038,20,10.29
san carlos de bariloche,AR,-41.15,-71.31,37.4,86,1595251824,75,10.29
bonao,DO,18.94,-70.41,84.2,69,1595252041,20,9.17
tirumullaivasal,IN,11.23,79.83,86.23,67,1595252042,94,13.85
mont-saint-aignan,FR,49.46,1.09,73.4,33,1595252043,72,10.29
lamu,KE,-2.27,40.9,77.99,72,1595252045,52,17.58
mabaruma,GY,8.2,-59.78,82.89,85,1595252046,48,3.18
fukue,JP,32.69,128.84,79.2,92,1595252047,29,15.61
cabuyaro,CO,4.28,-72.79,79.81,76,1595252048,63,4.85
russell,US,32.35,-85.2,82.4,83,1595252050,1,2.71
okato,NZ,-39.2,173.88,54.0,96,1595252051,97,5.99
kota kinabalu,MY,5.97,116.07,84.0,88,1595251783,20,3.36
vao,NC,-22.67,167.48,68.67,73,1595252053,2,14.72
santarem,BR,-2.44,-54.71,86.0,70,1595252006,20,8.05
comodoro rivadavia,AR,-45.87,-67.5,42.8,87,1595251777,90,10.29
atar,MR,20.52,-13.05,105.1,19,1595252057,0,7.85
tessalit,ML,20.2,1.01,107.51,13,1595252058,0,9.51
kitale,KE,1.02,35.01,64.29,90,1595252060,100,1.39
nyimba,ZM,-14.56,30.81,74.57,36,1595252045,79,9.13
hami,CN,42.8,93.45,93.63,13,1595252062,99,9.69
ferme-neuve,CA,46.7,-75.45,73.0,59,1595252063,4,12.33
sibolga,ID,1.74,98.78,79.45,79,1595252065,100,2.15
laguna,US,38.42,-121.42,57.99,82,1595251243,1,8.05
arrecife,ES,28.96,-13.55,82.4,58,1595251886,20,23.04
xixiang,CN,35.16,112.86,84.0,99,1595252068,100,4.5
taltal,CL,-25.4,-70.48,63.09,57,1595252070,100,1.45
roebourne,AU,-20.78,117.13,70.0,48,1595252071,0,15.32
tabou,CI,4.42,-7.35,79.47,81,1595252072,90,12.01
kanigiri,IN,15.4,79.52,89.01,62,1595252074,100,11.12
rancho palos verdes,US,33.74,-118.39,63.0,99,1595252075,0,2.57
zonguldak,TR,41.25,31.83,80.6,74,1595252077,75,2.24
henties bay,NA,-22.12,14.28,76.98,23,1595252078,0,9.44
maltahohe,NA,-24.83,16.98,73.69,17,1595252079,0,15.26
san miguel,SV,13.48,-88.18,80.6,94,1595252081,98,2.24
wakkanai,JP,45.41,141.67,64.78,83,1595252082,100,5.06
boyolangu,ID,-8.12,111.89,75.13,89,1595252083,99,5.19
klin,RU,56.33,36.73,73.4,49,1595252085,40,8.95
minggang,CN,32.46,114.05,74.75,80,1595252086,100,5.19
port augusta,AU,-32.5,137.77,48.2,100,1595252088,75,8.05
glushkovo,RU,51.34,34.63,75.13,56,1595252089,31,6.22
saiha,IN,22.48,92.97,72.81,92,1595252090,100,1.61
lata,PT,40.16,-8.33,87.01,45,1595252092,46,10.33
ritchie,ZA,-29.04,24.6,75.2,7,1595252094,0,4.7
koslan,RU,63.46,48.9,75.63,46,1595252095,10,8.5
denpasar,ID,-8.65,115.22,80.6,88,1595252097,20,10.29
sulangan,PH,11.14,123.72,85.66,75,1595252098,86,6.78
puri,IN,19.8,85.85,86.0,84,1595252099,40,14.99
diffa,NE,13.32,12.61,98.4,30,1595252101,52,11.39
siocon,PH,7.71,122.14,79.74,82,1595252102,50,2.04
mezen,RU,65.85,44.24,78.03,30,1595252104,0,5.19
yarada,IN,17.65,83.27,86.0,74,1595252105,75,9.17
jacareacanga,BR,-6.22,-57.75,78.8,88,1595252106,60,4.07
shimoda,JP,34.67,138.95,72.0,93,1595252108,100,1.01
moerai,PF,-22.43,-151.33,69.98,76,1595252109,57,22.53
rio grande,BR,-32.03,-52.1,79.0,57,1595251931,8,5.82
altay,CN,47.87,88.12,73.02,46,1595252112,99,3.29
kismayo,SO,-0.36,42.55,78.69,70,1595252113,99,20.98
nouadhibou,MR,20.93,-17.03,82.4,61,1595252114,86,6.93
kutum,SD,14.2,24.67,80.46,49,1595252116,71,10.89
biskamzha,RU,53.45,89.53,64.06,73,1595252117,0,0.11
den helder,NL,52.96,4.76,64.99,59,1595252118,0,10.29
leo,BF,11.1,-2.1,78.48,77,1595252119,95,7.67
ongandjera,NA,-17.88,15.07,77.7,19,1595252121,0,11.77
quelimane,MZ,-17.88,36.89,78.8,50,1595252122,20,10.29
tual,ID,-5.67,132.75,79.25,84,1595252123,64,19.57
arlit,NE,18.74,7.39,105.82,15,1595252125,0,4.92
tarakan,ID,3.3,117.63,82.94,73,1595252126,9,5.06
sale,MA,34.04,-6.82,87.01,69,1595251933,40,11.41
galesong,ID,-5.32,119.37,78.8,78,1595252128,20,6.93
alekseyevskaya,RU,50.29,42.18,82.0,44,1595252130,97,3.0
rosa zarate,EC,0.33,-79.47,75.43,79,1595252131,85,5.03
alakurtti,RU,66.97,30.35,71.01,61,1595252132,94,1.99
coihaique,CL,-45.58,-72.07,33.8,100,1595252134,90,3.36
batagay,RU,67.63,134.63,64.49,83,1595252135,9,2.19
wilmington,US,34.23,-77.94,86.0,66,1595251422,1,10.29
okhotsk,RU,59.38,143.3,56.16,89,1595252137,98,2.62
kelvington,CA,52.17,-103.53,57.94,90,1595252138,100,1.72
khambhat,IN,22.3,72.62,91.4,63,1595252140,20,9.17
streator,US,41.12,-88.84,73.99,78,1595252045,1,5.82
otukpo,NG,7.19,8.13,80.42,83,1595252142,63,4.85
doha,QA,25.29,51.53,105.01,51,1595252094,17,8.05
namibe,AO,-15.2,12.15,86.0,45,1595251971,0,11.41
caravelas,BR,-17.71,-39.25,75.25,83,1595252146,48,8.16
naze,JP,28.37,129.48,80.6,94,1595252147,20,3.36
sorland,NO,67.67,12.69,57.2,76,1595252149,75,4.7
kiunga,PG,-6.12,141.29,73.6,98,1595252150,58,3.0
bintulu,MY,3.17,113.03,80.6,88,1595252152,40,3.36
wajid,SO,3.81,43.25,86.09,32,1595252153,51,22.84
babati,TZ,-4.22,35.75,74.71,38,1595252154,5,9.31
camacha,PT,33.08,-16.33,75.2,57,1595252155,40,21.92
pingliang,CN,35.54,106.69,68.72,60,1595252041,100,6.85
orange cove,US,36.62,-119.31,69.01,72,1595252158,1,1.9
bonthe,SL,7.53,-12.51,79.57,83,1595252159,100,14.58
dunedin,NZ,-45.87,170.5,46.99,83,1595252161,100,5.99
nongstoin,IN,25.52,91.27,65.23,100,1595252162,100,2.13
iqaluit,CA,63.75,-68.51,42.8,100,1595252163,90,3.36
zaozerne,UA,45.16,33.28,78.37,64,1595252165,59,8.84
joutseno,FI,61.12,28.51,77.0,88,1595252166,87,2.24
kieta,PG,-6.22,155.63,77.47,79,1595252168,22,5.84
santiago del estero,AR,-27.8,-64.26,68.09,66,1595252169,100,12.44
pochutla,MX,15.74,-96.47,78.01,83,1595252170,40,0.92
kirando,TZ,-7.42,30.6,77.99,45,1595252171,2,7.23
valle de allende,MX,26.93,-105.4,71.56,54,1595252173,0,6.02
wanaka,NZ,-44.7,169.15,40.48,83,1595252174,100,2.51
kijang,KR,35.24,129.21,75.2,83,1595252175,75,6.93
cockburn town,TC,21.46,-71.14,83.39,77,1595252091,55,19.73
christchurch,NZ,-43.53,172.63,53.6,66,1595252162,2,19.46
bustamante,MX,26.53,-100.5,80.71,56,1595252179,62,3.09
aksay,RU,47.26,39.87,84.2,39,1595252180,20,4.47
pahrump,US,36.21,-115.98,80.01,26,1595252024,35,4.0
pangai,TO,-19.8,-174.35,73.4,88,1595252183,75,5.82
misratah,LY,32.38,15.09,81.52,58,1595252184,0,12.66
tandlianwala,PK,31.03,73.13,92.98,53,1595252185,31,21.41
havre-saint-pierre,CA,50.23,-63.6,66.2,100,1595252187,90,5.82
peniche,PT,39.36,-9.38,88.0,67,1595252188,35,8.01
